,Method,p-value,f-value
0,Number Sources,0.0005341743182352771,4.850803549123109
0,Query Expansion,0.8317887646635692,0.184519821529298
0,Re-rank,2.7867190438813084e-18,62.508190451802285
0,Context Expansion,0.0671954445277755,3.4243040868780685
