,Method,p-value,f-value
0,Number Sources,2.01477715402718e-06,8.118252454944148
0,Query Expansion,0.1231110024136269,2.1396202647735483
0,Re-rank,8.193109972548366e-10,26.039114606949337
0,Context Expansion,0.24601146774311605,1.36173927357513
