,Method,p-value,f-value
0,Number Sources,1.7020787529236618e-17,24.31368179123671
0,Query Expansion,5.9942064383056046e-05,10.424392446376753
0,Re-rank,0.0013044306235338147,6.964929751148129
0,Context Expansion,0.3867104322271667,0.7538965032755357
