,Method,p-value,f-value
0,Number Sources,2.8205144700866086e-25,50.105502386674544
0,Query Expansion,0.021014450822579453,4.017241903665621
0,Re-rank,0.011681775008644648,4.655855957078296
0,Context Expansion,0.1447636754516216,2.160219719116473
